area,date,hour,estimated_present_total,estimated_present_age20_39
Hongdae,20260914,0,35134.24,19250.2
Hongdae,20260914,1,34037.03,18402.71
Hongdae,20260914,2,32571.13,17290.23
Hongdae,20260914,3,31255.03,16105.85
Hongdae,20260914,4,30183.46,15166.4
Hongdae,20260914,5,29803.59,14577.44
Hongdae,20260914,6,29958.13,14096.68
Hongdae,20260914,7,32467.02,14732.81
Hongdae,20260914,8,39537.76,18052.82
Hongdae,20260914,9,54074.06,26385.09
Hongdae,20260914,10,65835.02,33269.84
Hongdae,20260914,11,72482.34,37202.58
Hongdae,20260914,12,76646.17,39731.66
Hongdae,20260914,13,80188.32,42720.95
Hongdae,20260914,14,83213.14,45372.16
Hongdae,20260914,15,84206.34,46581.81
Hongdae,20260914,16,86317.0,48529.16
Hongdae,20260914,17,86591.54,49117.87
Hongdae,20260914,18,83664.16,48236.35
Hongdae,20260914,19,78232.62,45618.42
Hongdae,20260914,20,70336.78,40886.62
Hongdae,20260914,21,61926.13,35799.4
Hongdae,20260914,22,53460.48,30575.02
Hongdae,20260914,23,44759.33,25062.73
Hongdae,20260915,0,34171.36,17892.15
Hongdae,20260915,1,32970.72,17096.89
Hongdae,20260915,2,31715.49,16301.43
Hongdae,20260915,3,32109.47,16194.2
Hongdae,20260915,4,30196.06,15050.58
Hongdae,20260915,5,29842.49,14456.63
Hongdae,20260915,6,30423.19,14254.52
Hongdae,20260915,7,32692.02,14768.51
Hongdae,20260915,8,39718.69,18136.03
Hongdae,20260915,9,54411.67,26719.96
Hongdae,20260915,10,65767.14,33486.26
Hongdae,20260915,11,73051.91,37428.11
Hongdae,20260915,12,78561.7,40784.51
Hongdae,20260915,13,82228.37,43680.32
Hongdae,20260915,14,84753.11,45790.79
Hongdae,20260915,15,86082.97,47345.08
Hongdae,20260915,16,86865.43,48633.86
Hongdae,20260915,17,86914.3,49308.72
Hongdae,20260915,18,85349.77,49516.07
Hongdae,20260915,19,80312.04,47336.77
Hongdae,20260915,20,72579.62,42573.72
Hongdae,20260915,21,65127.18,37954.17
Hongdae,20260915,22,55922.9,32303.47
Hongdae,20260915,23,46838.1,26570.38
Hongdae,20260916,0,34861.12,18640.95
Hongdae,20260916,1,33503.32,17655.55
Hongdae,20260916,2,32041.76,16660.46
Hongdae,20260916,3,31004.26,15896.35
Hongdae,20260916,4,30105.13,15115.96
Hongdae,20260916,5,29761.47,14534.85
Hongdae,20260916,6,30497.2,14367.3
Hongdae,20260916,7,32594.6,14872.02
Hongdae,20260916,8,40700.96,18543.6
Hongdae,20260916,9,56066.64,27208.65
Hongdae,20260916,10,68437.64,34272.92
Hongdae,20260916,11,73821.68,37429.42
Hongdae,20260916,12,79444.92,41097.52
Hongdae,20260916,13,82873.8,43711.63
Hongdae,20260916,14,85405.54,45791.72
Hongdae,20260916,15,86941.33,47470.82
Hongdae,20260916,16,87051.47,48324.27
Hongdae,20260916,17,86979.13,48996.41
Hongdae,20260916,18,86402.63,49608.0
Hongdae,20260916,19,82648.0,48087.12
Hongdae,20260916,20,75041.39,43540.53
Hongdae,20260916,21,66530.61,38491.85
Hongdae,20260916,22,57057.36,32947.68
Hongdae,20260916,23,48906.18,27882.78
Hongdae,20260917,0,35377.77,18825.61
Hongdae,20260917,1,34282.79,18111.87
Hongdae,20260917,2,32866.46,17079.22
Hongdae,20260917,3,31915.22,16348.99
Hongdae,20260917,4,30901.38,15492.72
Hongdae,20260917,5,30535.25,14931.15
Hongdae,20260917,6,30868.03,14505.47
Hongdae,20260917,7,32739.6,14815.73
Hongdae,20260917,8,39797.72,17986.71
Hongdae,20260917,9,54991.72,26899.14
Hongdae,20260917,10,66197.41,33721.1
Hongdae,20260917,11,74558.27,38508.49
Hongdae,20260917,12,79355.31,41697.82
Hongdae,20260917,13,83837.08,44991.05
Hongdae,20260917,14,86819.68,46911.92
Hongdae,20260917,15,87703.26,48037.95
Hongdae,20260917,16,88400.3,48940.04
Hongdae,20260917,17,88516.68,49960.89
Hongdae,20260917,18,88775.07,51250.71
Hongdae,20260917,19,85232.23,49855.25
Hongdae,20260917,20,78916.88,46091.24
Hongdae,20260917,21,72539.11,42273.44
Hongdae,20260917,22,60448.58,35247.8
Hongdae,20260917,23,50028.95,28861.12
Hongdae,20260918,0,37541.54,20165.49
Hongdae,20260918,1,36046.45,19114.41
Hongdae,20260918,2,34409.48,17987.1
Hongdae,20260918,3,33127.67,17079.56
Hongdae,20260918,4,31979.13,16185.71
Hongdae,20260918,5,31337.24,15344.32
Hongdae,20260918,6,31657.7,14952.76
Hongdae,20260918,7,34592.54,15652.83
Hongdae,20260918,8,41857.44,19195.48
Hongdae,20260918,9,55501.53,27193.12
Hongdae,20260918,10,66560.18,33867.96
Hongdae,20260918,11,73950.7,38409.27
Hongdae,20260918,12,80397.45,42718.37
Hongdae,20260918,13,85389.95,46230.24
Hongdae,20260918,14,88971.59,48912.2
Hongdae,20260918,15,92001.09,51232.65
Hongdae,20260918,16,93623.17,52874.17
Hongdae,20260918,17,94003.4,53899.46
Hongdae,20260918,18,94865.19,55735.61
Hongdae,20260918,19,94783.96,57715.42
Hongdae,20260918,20,92842.12,56912.14
Hongdae,20260918,21,86404.4,53204.43
Hongdae,20260918,22,77574.96,47992.69
Hongdae,20260918,23,66410.81,41167.61
Hongdae,20260919,0,47671.71,27982.67
Hongdae,20260919,1,44810.31,25985.52
Hongdae,20260919,2,41813.33,23797.51
Hongdae,20260919,3,38502.08,21403.59
Hongdae,20260919,4,36362.58,19641.79
Hongdae,20260919,5,34982.06,18301.15
Hongdae,20260919,6,33477.32,16681.01
Hongdae,20260919,7,33218.2,15818.6
Hongdae,20260919,8,36072.49,16648.92
Hongdae,20260919,9,40391.6,18880.0
Hongdae,20260919,10,50316.57,24548.2
Hongdae,20260919,11,61607.05,31490.73
Hongdae,20260919,12,74763.64,40096.31
Hongdae,20260919,13,85804.08,47780.51
Hongdae,20260919,14,95358.2,54195.49
Hongdae,20260919,15,102212.33,59465.61
Hongdae,20260919,16,105925.63,62725.43
Hongdae,20260919,17,109587.16,66016.67
Hongdae,20260919,18,110388.97,67610.57
Hongdae,20260919,19,110011.17,68641.48
Hongdae,20260919,20,101428.69,64079.32
Hongdae,20260919,21,93056.15,59895.5
Hongdae,20260919,22,81878.72,52914.5
Hongdae,20260919,23,69822.02,44756.37
Hongdae,20260920,0,53123.44,32590.93
Hongdae,20260920,1,49153.35,29916.71
Hongdae,20260920,2,45597.07,27103.27
Hongdae,20260920,3,42328.8,24490.62
Hongdae,20260920,4,39673.11,22364.67
Hongdae,20260920,5,37565.01,20640.64
Hongdae,20260920,6,35323.24,18521.74
Hongdae,20260920,7,33675.56,16847.38
Hongdae,20260920,8,34906.22,16692.88
Hongdae,20260920,9,39298.15,18139.54
Hongdae,20260920,10,46969.0,22138.35
Hongdae,20260920,11,57384.0,28030.55
Hongdae,20260920,12,68076.44,34679.61
Hongdae,20260920,13,77278.33,41121.15
Hongdae,20260920,14,82871.33,45625.34
Hongdae,20260920,15,86755.65,48889.18
Hongdae,20260920,16,87843.89,50783.61
Hongdae,20260920,17,86814.62,51211.08
Hongdae,20260920,18,84282.48,50508.25
Hongdae,20260920,19,79785.48,48763.15
Hongdae,20260920,20,73290.64,45010.03
Hongdae,20260920,21,64105.44,39315.46
Hongdae,20260920,22,54291.17,32878.13
Hongdae,20260920,23,46401.22,27585.69
Jamsil,20260914,0,55447.8,12558.2
Jamsil,20260914,1,55113.28,12372.2
Jamsil,20260914,2,54942.96,12195.27
Jamsil,20260914,3,54843.83,12178.7
Jamsil,20260914,4,54874.31,12151.88
Jamsil,20260914,5,55229.07,12185.58
Jamsil,20260914,6,56561.57,12440.16
Jamsil,20260914,7,60443.96,13705.09
Jamsil,20260914,8,67226.37,17745.46
Jamsil,20260914,9,77915.71,23874.35
Jamsil,20260914,10,86574.56,28151.19
Jamsil,20260914,11,93286.68,31328.97
Jamsil,20260914,12,98096.39,33935.12
Jamsil,20260914,13,102065.83,35945.79
Jamsil,20260914,14,104335.21,36962.72
Jamsil,20260914,15,104240.95,37616.86
Jamsil,20260914,16,103862.89,37882.49
Jamsil,20260914,17,101531.97,37704.74
Jamsil,20260914,18,97470.18,36124.76
Jamsil,20260914,19,91275.56,32439.57
Jamsil,20260914,20,80959.91,26757.47
Jamsil,20260914,21,72050.61,21586.81
Jamsil,20260914,22,63431.4,17039.15
Jamsil,20260914,23,58763.66,14410.83
Jamsil,20260915,0,55358.89,12395.55
Jamsil,20260915,1,54926.57,12045.33
Jamsil,20260915,2,54879.45,12017.56
Jamsil,20260915,3,54723.78,11924.43
Jamsil,20260915,4,54954.78,11905.11
Jamsil,20260915,5,55563.47,12026.62
Jamsil,20260915,6,57396.83,12404.47
Jamsil,20260915,7,61046.54,13912.99
Jamsil,20260915,8,68585.63,18090.52
Jamsil,20260915,9,81261.5,25036.87
Jamsil,20260915,10,89785.62,29427.45
Jamsil,20260915,11,96291.35,32414.73
Jamsil,20260915,12,101412.08,34684.55
Jamsil,20260915,13,104635.85,36514.7
Jamsil,20260915,14,106704.66,37756.52
Jamsil,20260915,15,107181.98,38567.71
Jamsil,20260915,16,106016.16,39060.49
Jamsil,20260915,17,103819.26,38763.19
Jamsil,20260915,18,100286.44,37638.65
Jamsil,20260915,19,92858.35,33997.12
Jamsil,20260915,20,82097.07,28438.9
Jamsil,20260915,21,72851.58,23277.92
Jamsil,20260915,22,64304.05,18151.6
Jamsil,20260915,23,59125.84,14790.49
Jamsil,20260916,0,55235.78,12073.34
Jamsil,20260916,1,55039.2,11892.64
Jamsil,20260916,2,54762.3,11847.31
Jamsil,20260916,3,54831.14,11868.91
Jamsil,20260916,4,54924.03,11857.09
Jamsil,20260916,5,55448.13,11941.29
Jamsil,20260916,6,57125.94,12405.77
Jamsil,20260916,7,60560.95,13599.47
Jamsil,20260916,8,67866.37,17585.43
Jamsil,20260916,9,79316.21,24363.37
Jamsil,20260916,10,89386.82,29012.74
Jamsil,20260916,11,97433.15,32258.35
Jamsil,20260916,12,102533.51,34984.32
Jamsil,20260916,13,106005.21,37058.76
Jamsil,20260916,14,108224.66,38307.65
Jamsil,20260916,15,108827.95,39530.06
Jamsil,20260916,16,107919.31,40180.66
Jamsil,20260916,17,104084.69,39164.96
Jamsil,20260916,18,99559.6,37259.66
Jamsil,20260916,19,91699.45,33399.19
Jamsil,20260916,20,82555.47,28603.71
Jamsil,20260916,21,73706.19,23649.73
Jamsil,20260916,22,65955.09,18949.66
Jamsil,20260916,23,59617.69,15092.34
Jamsil,20260917,0,55794.29,12485.38
Jamsil,20260917,1,55440.78,12243.33
Jamsil,20260917,2,55178.26,12157.6
Jamsil,20260917,3,55189.47,12074.06
Jamsil,20260917,4,55175.65,12069.31
Jamsil,20260917,5,55562.07,12124.26
Jamsil,20260917,6,57372.24,12538.78
Jamsil,20260917,7,60851.23,13928.21
Jamsil,20260917,8,68461.11,18204.56
Jamsil,20260917,9,81215.0,25124.64
Jamsil,20260917,10,92222.03,30196.21
Jamsil,20260917,11,100780.67,33664.76
Jamsil,20260917,12,105047.22,35900.53
Jamsil,20260917,13,109567.6,38373.97
Jamsil,20260917,14,111972.94,39417.14
Jamsil,20260917,15,112235.58,40076.43
Jamsil,20260917,16,110811.99,40585.71
Jamsil,20260917,17,109115.47,40651.84
Jamsil,20260917,18,104357.56,39007.97
Jamsil,20260917,19,96426.01,35370.3
Jamsil,20260917,20,87751.15,30791.12
Jamsil,20260917,21,78014.4,25517.21
Jamsil,20260917,22,68350.99,19831.89
Jamsil,20260917,23,61480.78,15981.74
Jamsil,20260918,0,56188.55,12715.61
Jamsil,20260918,1,55726.25,12436.51
Jamsil,20260918,2,55376.72,12215.14
Jamsil,20260918,3,55275.67,12200.09
Jamsil,20260918,4,55446.36,12200.16
Jamsil,20260918,5,55767.23,12177.6
Jamsil,20260918,6,57568.75,12611.63
Jamsil,20260918,7,60525.04,13978.96
Jamsil,20260918,8,69072.86,18216.82
Jamsil,20260918,9,81972.2,24967.65
Jamsil,20260918,10,93027.09,29967.04
Jamsil,20260918,11,102651.72,34049.51
Jamsil,20260918,12,108433.47,37295.26
Jamsil,20260918,13,113032.62,40049.71
Jamsil,20260918,14,115869.38,41355.18
Jamsil,20260918,15,117263.39,42868.37
Jamsil,20260918,16,115176.07,43628.24
Jamsil,20260918,17,112658.41,43219.59
Jamsil,20260918,18,107329.86,41216.34
Jamsil,20260918,19,101399.41,39060.84
Jamsil,20260918,20,93218.02,35065.15
Jamsil,20260918,21,83240.85,29817.22
Jamsil,20260918,22,72245.58,23151.51
Jamsil,20260918,23,63925.77,18045.37
Jamsil,20260919,0,56707.5,13211.11
Jamsil,20260919,1,56066.92,12603.91
Jamsil,20260919,2,55609.55,12345.4
Jamsil,20260919,3,55190.27,12239.84
Jamsil,20260919,4,55384.06,12300.52
Jamsil,20260919,5,56128.88,12429.08
Jamsil,20260919,6,57316.94,12747.77
Jamsil,20260919,7,60124.75,13491.45
Jamsil,20260919,8,63031.21,15019.57
Jamsil,20260919,9,68540.52,18617.43
Jamsil,20260919,10,80186.3,23853.74
Jamsil,20260919,11,94810.85,30645.92
Jamsil,20260919,12,105983.83,36911.75
Jamsil,20260919,13,116767.85,43278.52
Jamsil,20260919,14,124868.38,48181.18
Jamsil,20260919,15,130800.7,52511.45
Jamsil,20260919,16,134160.87,55452.77
Jamsil,20260919,17,134129.37,55870.34
Jamsil,20260919,18,127313.07,52020.57
Jamsil,20260919,19,117106.13,46449.78
Jamsil,20260919,20,105431.36,41042.89
Jamsil,20260919,21,91597.97,34235.02
Jamsil,20260919,22,76444.1,25221.54
Jamsil,20260919,23,65833.5,19125.76
Jamsil,20260920,0,57476.95,13487.95
Jamsil,20260920,1,56959.18,13066.5
Jamsil,20260920,2,56634.83,12881.87
Jamsil,20260920,3,56485.94,12784.61
Jamsil,20260920,4,56542.9,12811.82
Jamsil,20260920,5,56667.28,12820.32
Jamsil,20260920,6,57200.42,12986.83
Jamsil,20260920,7,58680.99,13507.83
Jamsil,20260920,8,61187.16,14513.05
Jamsil,20260920,9,65783.72,16898.37
Jamsil,20260920,10,74594.08,21334.09
Jamsil,20260920,11,86676.84,27286.03
Jamsil,20260920,12,98179.62,33307.51
Jamsil,20260920,13,107413.19,38739.88
Jamsil,20260920,14,114344.5,42902.13
Jamsil,20260920,15,118487.47,45653.33
Jamsil,20260920,16,117879.6,46381.11
Jamsil,20260920,17,115136.68,45652.46
Jamsil,20260920,18,108752.62,42683.84
Jamsil,20260920,19,99543.58,38074.49
Jamsil,20260920,20,90121.23,33642.95
Jamsil,20260920,21,77625.25,26924.48
Jamsil,20260920,22,66213.58,19923.97
Jamsil,20260920,23,59783.26,15639.69
Myeongdong,20260914,0,7947.82,2542.84
Myeongdong,20260914,1,7790.45,2436.03
Myeongdong,20260914,2,7666.9,2340.29
Myeongdong,20260914,3,7619.04,2303.03
Myeongdong,20260914,4,7774.01,2340.45
Myeongdong,20260914,5,8880.3,2466.45
Myeongdong,20260914,6,12064.41,3246.22
Myeongdong,20260914,7,22686.34,6593.94
Myeongdong,20260914,8,51272.96,18955.57
Myeongdong,20260914,9,81724.22,34517.76
Myeongdong,20260914,10,94831.45,40132.8
Myeongdong,20260914,11,100139.36,42013.29
Myeongdong,20260914,12,103248.57,43075.41
Myeongdong,20260914,13,109588.44,46112.81
Myeongdong,20260914,14,110310.28,46772.29
Myeongdong,20260914,15,107937.67,46705.11
Myeongdong,20260914,16,104587.17,46091.29
Myeongdong,20260914,17,97085.19,43589.12
Myeongdong,20260914,18,80850.51,36845.07
Myeongdong,20260914,19,54808.71,24474.6
Myeongdong,20260914,20,38799.37,17077.15
Myeongdong,20260914,21,27601.11,12232.96
Myeongdong,20260914,22,18890.48,8345.62
Myeongdong,20260914,23,13605.34,5678.07
Myeongdong,20260915,0,8776.85,2959.13
Myeongdong,20260915,1,8314.66,2701.78
Myeongdong,20260915,2,8088.57,2536.3
Myeongdong,20260915,3,7864.92,2413.81
Myeongdong,20260915,4,8041.37,2424.63
Myeongdong,20260915,5,9202.85,2500.88
Myeongdong,20260915,6,12456.74,3326.65
Myeongdong,20260915,7,23225.63,6943.58
Myeongdong,20260915,8,51552.87,19579.21
Myeongdong,20260915,9,83620.54,35839.88
Myeongdong,20260915,10,96311.0,41499.14
Myeongdong,20260915,11,101988.06,42989.34
Myeongdong,20260915,12,107180.31,44999.1
Myeongdong,20260915,13,112436.22,47108.97
Myeongdong,20260915,14,113391.97,47988.96
Myeongdong,20260915,15,112092.28,48413.47
Myeongdong,20260915,16,108223.9,47861.63
Myeongdong,20260915,17,101238.13,45936.52
Myeongdong,20260915,18,88012.4,41222.84
Myeongdong,20260915,19,60530.71,27938.87
Myeongdong,20260915,20,42074.36,19325.08
Myeongdong,20260915,21,29641.89,13385.61
Myeongdong,20260915,22,20591.07,9208.91
Myeongdong,20260915,23,14605.11,6109.55
Myeongdong,20260916,0,8917.94,3003.94
Myeongdong,20260916,1,8616.89,2814.49
Myeongdong,20260916,2,8314.35,2577.55
Myeongdong,20260916,3,8225.14,2476.23
Myeongdong,20260916,4,8238.1,2430.88
Myeongdong,20260916,5,9376.37,2513.91
Myeongdong,20260916,6,12672.5,3346.6
Myeongdong,20260916,7,23523.39,6842.02
Myeongdong,20260916,8,51283.32,19421.48
Myeongdong,20260916,9,83202.29,35704.13
Myeongdong,20260916,10,96658.06,41576.34
Myeongdong,20260916,11,103076.94,43735.0
Myeongdong,20260916,12,108874.17,45611.97
Myeongdong,20260916,13,114505.35,47916.21
Myeongdong,20260916,14,114303.1,48269.53
Myeongdong,20260916,15,112767.14,48301.95
Myeongdong,20260916,16,107191.71,47223.09
Myeongdong,20260916,17,98932.7,44554.93
Myeongdong,20260916,18,81720.99,36870.56
Myeongdong,20260916,19,56581.32,25368.49
Myeongdong,20260916,20,41855.41,18777.96
Myeongdong,20260916,21,30569.05,13850.18
Myeongdong,20260916,22,21376.19,9735.53
Myeongdong,20260916,23,15025.38,6436.71
Myeongdong,20260917,0,9122.67,3041.27
Myeongdong,20260917,1,8757.96,2856.7
Myeongdong,20260917,2,8462.74,2671.3
Myeongdong,20260917,3,8347.91,2529.54
Myeongdong,20260917,4,8473.98,2521.96
Myeongdong,20260917,5,9615.74,2680.31
Myeongdong,20260917,6,12839.6,3565.52
Myeongdong,20260917,7,23591.24,7071.46
Myeongdong,20260917,8,51890.36,19646.0
Myeongdong,20260917,9,83773.63,36072.13
Myeongdong,20260917,10,96886.62,41885.21
Myeongdong,20260917,11,104430.73,44158.25
Myeongdong,20260917,12,108706.95,45549.1
Myeongdong,20260917,13,114301.91,48146.06
Myeongdong,20260917,14,114378.97,48779.73
Myeongdong,20260917,15,111346.29,48132.57
Myeongdong,20260917,16,106380.84,47048.18
Myeongdong,20260917,17,98708.77,44640.23
Myeongdong,20260917,18,84347.6,38446.87
Myeongdong,20260917,19,59620.48,27143.59
Myeongdong,20260917,20,44000.23,20109.43
Myeongdong,20260917,21,33280.73,15357.73
Myeongdong,20260917,22,23558.17,10922.98
Myeongdong,20260917,23,16390.04,7276.77
Myeongdong,20260918,0,9535.25,3386.85
Myeongdong,20260918,1,8862.87,2977.62
Myeongdong,20260918,2,8498.66,2763.21
Myeongdong,20260918,3,8332.1,2574.86
Myeongdong,20260918,4,8403.46,2566.66
Myeongdong,20260918,5,9444.25,2650.33
Myeongdong,20260918,6,12790.24,3560.1
Myeongdong,20260918,7,23176.17,6972.1
Myeongdong,20260918,8,50018.78,18930.6
Myeongdong,20260918,9,80174.77,34380.45
Myeongdong,20260918,10,92693.19,39849.83
Myeongdong,20260918,11,97781.18,41817.08
Myeongdong,20260918,12,103855.49,43891.5
Myeongdong,20260918,13,108447.65,46137.08
Myeongdong,20260918,14,108825.63,46674.34
Myeongdong,20260918,15,106105.6,46439.6
Myeongdong,20260918,16,101040.94,45284.19
Myeongdong,20260918,17,93065.35,42397.05
Myeongdong,20260918,18,77538.66,34800.84
Myeongdong,20260918,19,57979.23,26021.12
Myeongdong,20260918,20,43768.89,19824.11
Myeongdong,20260918,21,32796.21,14954.16
Myeongdong,20260918,22,23080.4,10600.97
Myeongdong,20260918,23,15880.62,7143.56
Myeongdong,20260919,0,8741.33,3143.33
Myeongdong,20260919,1,8307.17,2878.25
Myeongdong,20260919,2,7905.56,2587.46
Myeongdong,20260919,3,7504.27,2344.87
Myeongdong,20260919,4,7491.64,2324.87
Myeongdong,20260919,5,7804.49,2383.29
Myeongdong,20260919,6,9375.37,2684.43
Myeongdong,20260919,7,12126.95,3482.37
Myeongdong,20260919,8,15018.82,4542.8
Myeongdong,20260919,9,20570.63,7322.71
Myeongdong,20260919,10,28657.17,10699.71
Myeongdong,20260919,11,37669.43,14102.92
Myeongdong,20260919,12,47273.02,17483.09
Myeongdong,20260919,13,55400.81,20823.3
Myeongdong,20260919,14,59345.07,22662.66
Myeongdong,20260919,15,59827.62,23968.85
Myeongdong,20260919,16,56687.89,24163.65
Myeongdong,20260919,17,53618.07,23707.4
Myeongdong,20260919,18,50697.53,22722.44
Myeongdong,20260919,19,44900.41,20530.52
Myeongdong,20260919,20,36998.39,17070.11
Myeongdong,20260919,21,27626.35,13130.55
Myeongdong,20260919,22,19893.25,9546.99
Myeongdong,20260919,23,14255.24,6583.92
Myeongdong,20260920,0,8384.57,2902.97
Myeongdong,20260920,1,8104.0,2806.47
Myeongdong,20260920,2,7800.71,2560.94
Myeongdong,20260920,3,7567.7,2382.69
Myeongdong,20260920,4,7447.11,2343.02
Myeongdong,20260920,5,7627.29,2376.94
Myeongdong,20260920,6,8779.2,2647.89
Myeongdong,20260920,7,11268.69,3225.17
Myeongdong,20260920,8,14178.76,4095.23
Myeongdong,20260920,9,20117.28,5879.39
Myeongdong,20260920,10,28850.51,8786.57
Myeongdong,20260920,11,39159.38,12100.86
Myeongdong,20260920,12,45661.34,15134.92
Myeongdong,20260920,13,50147.46,17981.99
Myeongdong,20260920,14,55663.61,22336.23
Myeongdong,20260920,15,57249.32,24238.67
Myeongdong,20260920,16,54445.05,24293.74
Myeongdong,20260920,17,46913.56,21555.17
Myeongdong,20260920,18,38967.23,18366.22
Myeongdong,20260920,19,31556.21,15259.23
Myeongdong,20260920,20,25245.22,12550.81
Myeongdong,20260920,21,19029.08,9209.07
Myeongdong,20260920,22,14010.31,6570.54
Myeongdong,20260920,23,10529.3,4551.69
Seongsu,20260914,0,59974.91,19958.3
Seongsu,20260914,1,59998.63,19926.03
Seongsu,20260914,2,59857.67,19748.33
Seongsu,20260914,3,59717.39,19633.8
Seongsu,20260914,4,59591.06,19620.65
Seongsu,20260914,5,60296.84,19721.72
Seongsu,20260914,6,62604.72,20053.06
Seongsu,20260914,7,69608.96,22305.23
Seongsu,20260914,8,87142.7,30675.44
Seongsu,20260914,9,112210.42,46047.45
Seongsu,20260914,10,125767.3,54855.17
Seongsu,20260914,11,132119.3,58724.2
Seongsu,20260914,12,135782.97,61310.76
Seongsu,20260914,13,138942.54,63592.81
Seongsu,20260914,14,140043.59,64631.75
Seongsu,20260914,15,138066.1,63930.65
Seongsu,20260914,16,137053.49,63917.51
Seongsu,20260914,17,132963.85,62947.94
Seongsu,20260914,18,121819.09,57961.94
Seongsu,20260914,19,101750.83,46892.41
Seongsu,20260914,20,86963.58,37646.71
Seongsu,20260914,21,77305.07,31110.78
Seongsu,20260914,22,69549.69,26052.27
Seongsu,20260914,23,64900.02,22971.24
Seongsu,20260915,0,60522.71,20000.39
Seongsu,20260915,1,60617.5,19961.74
Seongsu,20260915,2,60247.3,19742.15
Seongsu,20260915,3,59988.59,19621.27
Seongsu,20260915,4,60082.85,19593.76
Seongsu,20260915,5,60779.81,19756.43
Seongsu,20260915,6,64948.83,20641.87
Seongsu,20260915,7,70223.31,22513.49
Seongsu,20260915,8,87662.36,31074.05
Seongsu,20260915,9,114274.56,47475.59
Seongsu,20260915,10,127051.43,56011.78
Seongsu,20260915,11,135211.39,60925.99
Seongsu,20260915,12,140439.82,64563.57
Seongsu,20260915,13,142272.85,65914.62
Seongsu,20260915,14,142346.28,66340.38
Seongsu,20260915,15,142326.26,66721.34
Seongsu,20260915,16,140049.37,66197.98
Seongsu,20260915,17,135337.38,64562.74
Seongsu,20260915,18,125384.93,60211.33
Seongsu,20260915,19,105281.58,49074.86
Seongsu,20260915,20,88577.79,39152.61
Seongsu,20260915,21,78280.58,32380.72
Seongsu,20260915,22,70470.43,27076.27
Seongsu,20260915,23,65640.67,23721.16
Seongsu,20260916,0,60386.07,20274.96
Seongsu,20260916,1,60231.77,20124.85
Seongsu,20260916,2,60353.36,20119.47
Seongsu,20260916,3,60009.22,19854.83
Seongsu,20260916,4,60249.59,19840.84
Seongsu,20260916,5,60965.01,19968.3
Seongsu,20260916,6,64118.82,20539.8
Seongsu,20260916,7,70424.64,22711.74
Seongsu,20260916,8,87970.58,31278.54
Seongsu,20260916,9,113316.33,46918.93
Seongsu,20260916,10,126865.39,56023.69
Seongsu,20260916,11,134738.61,60650.44
Seongsu,20260916,12,140390.2,64313.18
Seongsu,20260916,13,141981.94,65507.51
Seongsu,20260916,14,143034.08,66162.23
Seongsu,20260916,15,142573.55,66638.85
Seongsu,20260916,16,140367.12,66100.77
Seongsu,20260916,17,135109.23,64396.45
Seongsu,20260916,18,124631.77,59490.26
Seongsu,20260916,19,106033.5,49181.57
Seongsu,20260916,20,90571.24,39717.73
Seongsu,20260916,21,80591.75,32953.5
Seongsu,20260916,22,72181.09,27831.18
Seongsu,20260916,23,66501.16,24136.07
Seongsu,20260917,0,61107.68,20244.94
Seongsu,20260917,1,60693.79,19948.92
Seongsu,20260917,2,60321.19,19835.8
Seongsu,20260917,3,60018.35,19603.67
Seongsu,20260917,4,60085.73,19582.0
Seongsu,20260917,5,60483.95,19667.08
Seongsu,20260917,6,63412.47,20305.91
Seongsu,20260917,7,69884.33,22531.88
Seongsu,20260917,8,87299.85,31117.93
Seongsu,20260917,9,112833.57,46979.06
Seongsu,20260917,10,126296.86,55775.87
Seongsu,20260917,11,134797.58,61065.88
Seongsu,20260917,12,139932.97,64473.09
Seongsu,20260917,13,143008.45,66351.31
Seongsu,20260917,14,143905.84,67378.71
Seongsu,20260917,15,143250.68,67879.93
Seongsu,20260917,16,140313.92,67016.35
Seongsu,20260917,17,137121.33,66373.81
Seongsu,20260917,18,127291.76,61767.04
Seongsu,20260917,19,107856.54,51080.57
Seongsu,20260917,20,93029.64,41694.32
Seongsu,20260917,21,81922.42,34617.5
Seongsu,20260917,22,72524.29,28452.92
Seongsu,20260917,23,66794.27,24360.62
Seongsu,20260918,0,60654.69,20506.5
Seongsu,20260918,1,60727.17,20273.34
Seongsu,20260918,2,60252.83,19808.7
Seongsu,20260918,3,60060.01,19687.9
Seongsu,20260918,4,60124.05,19731.34
Seongsu,20260918,5,60546.95,19766.88
Seongsu,20260918,6,63605.3,20379.02
Seongsu,20260918,7,69936.6,22633.26
Seongsu,20260918,8,87200.96,30982.76
Seongsu,20260918,9,111590.74,46337.65
Seongsu,20260918,10,124696.71,55347.66
Seongsu,20260918,11,132284.14,60127.74
Seongsu,20260918,12,138917.39,64259.93
Seongsu,20260918,13,140984.23,66043.64
Seongsu,20260918,14,142328.66,67313.89
Seongsu,20260918,15,142722.34,68075.38
Seongsu,20260918,16,141187.05,68121.18
Seongsu,20260918,17,135714.29,65891.38
Seongsu,20260918,18,126540.9,61358.87
Seongsu,20260918,19,108404.8,51810.61
Seongsu,20260918,20,93312.52,42429.59
Seongsu,20260918,21,82398.51,35314.79
Seongsu,20260918,22,73925.04,29577.49
Seongsu,20260918,23,68534.97,25696.16
Seongsu,20260919,0,61111.28,20589.61
Seongsu,20260919,1,60498.36,19994.11
Seongsu,20260919,2,59850.43,19469.61
Seongsu,20260919,3,59132.49,19137.83
Seongsu,20260919,4,58975.91,19129.29
Seongsu,20260919,5,59929.78,19395.47
Seongsu,20260919,6,60935.83,19607.83
Seongsu,20260919,7,63240.4,20356.09
Seongsu,20260919,8,65616.04,21367.92
Seongsu,20260919,9,70013.61,24016.08
Seongsu,20260919,10,77151.25,28301.09
Seongsu,20260919,11,85326.47,33546.86
Seongsu,20260919,12,92660.25,38694.37
Seongsu,20260919,13,100621.84,44443.98
Seongsu,20260919,14,107696.08,48966.11
Seongsu,20260919,15,113731.53,53396.58
Seongsu,20260919,16,113639.55,54587.03
Seongsu,20260919,17,111713.3,54038.63
Seongsu,20260919,18,106301.28,50844.28
Seongsu,20260919,19,98271.57,46328.56
Seongsu,20260919,20,89152.05,40315.8
Seongsu,20260919,21,78973.84,33503.15
Seongsu,20260919,22,70293.75,27483.23
Seongsu,20260919,23,64566.36,23348.57
Seongsu,20260920,0,59818.67,19762.14
Seongsu,20260920,1,59090.44,19293.28
Seongsu,20260920,2,58559.66,18994.0
Seongsu,20260920,3,58409.25,18801.77
Seongsu,20260920,4,58471.72,18825.69
Seongsu,20260920,5,58443.73,18820.17
Seongsu,20260920,6,58500.77,18828.21
Seongsu,20260920,7,60292.39,19446.24
Seongsu,20260920,8,62145.74,20272.58
Seongsu,20260920,9,65642.62,22389.02
Seongsu,20260920,10,72007.97,26407.91
Seongsu,20260920,11,80405.07,31410.05
Seongsu,20260920,12,88058.6,36407.69
Seongsu,20260920,13,93611.83,40289.68
Seongsu,20260920,14,99255.73,44232.66
Seongsu,20260920,15,100406.35,45807.15
Seongsu,20260920,16,100706.89,47081.48
Seongsu,20260920,17,97961.16,46010.42
Seongsu,20260920,18,93497.65,43236.31
Seongsu,20260920,19,85794.58,38413.06
Seongsu,20260920,20,78073.16,33259.53
Seongsu,20260920,21,71824.86,28752.69
Seongsu,20260920,22,66196.09,24324.39
Seongsu,20260920,23,62838.02,21845.68
Yongsan-Ipark,20260914,0,30364.44,13000.39
Yongsan-Ipark,20260914,1,29451.85,12330.16
Yongsan-Ipark,20260914,2,28684.3,11788.65
Yongsan-Ipark,20260914,3,28198.76,11383.29
Yongsan-Ipark,20260914,4,27996.44,11164.57
Yongsan-Ipark,20260914,5,28632.91,11104.8
Yongsan-Ipark,20260914,6,31042.44,11607.27
Yongsan-Ipark,20260914,7,36885.72,13367.29
Yongsan-Ipark,20260914,8,49489.89,18997.03
Yongsan-Ipark,20260914,9,65249.07,26923.82
Yongsan-Ipark,20260914,10,74159.87,31221.17
Yongsan-Ipark,20260914,11,79837.86,33860.61
Yongsan-Ipark,20260914,12,82919.42,35455.49
Yongsan-Ipark,20260914,13,85930.63,37367.86
Yongsan-Ipark,20260914,14,86804.73,38565.99
Yongsan-Ipark,20260914,15,86841.2,39190.59
Yongsan-Ipark,20260914,16,86984.54,39851.38
Yongsan-Ipark,20260914,17,84349.04,39507.87
Yongsan-Ipark,20260914,18,78212.76,37688.0
Yongsan-Ipark,20260914,19,66595.95,33068.38
Yongsan-Ipark,20260914,20,56552.49,28241.96
Yongsan-Ipark,20260914,21,48282.16,23849.66
Yongsan-Ipark,20260914,22,40590.29,19428.71
Yongsan-Ipark,20260914,23,35018.26,15824.61
Yongsan-Ipark,20260915,0,29077.85,12087.29
Yongsan-Ipark,20260915,1,28106.87,11371.65
Yongsan-Ipark,20260915,2,27270.33,10777.88
Yongsan-Ipark,20260915,3,27157.44,10638.84
Yongsan-Ipark,20260915,4,27141.43,10626.46
Yongsan-Ipark,20260915,5,27871.91,10680.91
Yongsan-Ipark,20260915,6,30554.11,11258.83
Yongsan-Ipark,20260915,7,36009.08,13001.37
Yongsan-Ipark,20260915,8,48660.75,18268.66
Yongsan-Ipark,20260915,9,64113.35,25926.85
Yongsan-Ipark,20260915,10,72864.93,29994.85
Yongsan-Ipark,20260915,11,78677.83,32789.07
Yongsan-Ipark,20260915,12,82927.11,34710.13
Yongsan-Ipark,20260915,13,85331.82,36521.69
Yongsan-Ipark,20260915,14,86891.23,37356.25
Yongsan-Ipark,20260915,15,87434.39,38357.13
Yongsan-Ipark,20260915,16,86211.79,38397.93
Yongsan-Ipark,20260915,17,83845.35,38583.45
Yongsan-Ipark,20260915,18,79233.37,37834.71
Yongsan-Ipark,20260915,19,68743.3,34135.85
Yongsan-Ipark,20260915,20,58891.44,29472.06
Yongsan-Ipark,20260915,21,51873.11,25722.25
Yongsan-Ipark,20260915,22,42675.23,20391.41
Yongsan-Ipark,20260915,23,36031.27,16381.92
Yongsan-Ipark,20260916,0,29401.53,12061.67
Yongsan-Ipark,20260916,1,28707.0,11581.0
Yongsan-Ipark,20260916,2,27997.47,11061.74
Yongsan-Ipark,20260916,3,27727.48,10816.98
Yongsan-Ipark,20260916,4,27638.11,10801.57
Yongsan-Ipark,20260916,5,28084.66,10607.15
Yongsan-Ipark,20260916,6,30320.71,11159.51
Yongsan-Ipark,20260916,7,36071.46,12834.45
Yongsan-Ipark,20260916,8,47947.5,17965.26
Yongsan-Ipark,20260916,9,63491.65,25921.6
Yongsan-Ipark,20260916,10,72664.39,30236.89
Yongsan-Ipark,20260916,11,78678.33,32941.31
Yongsan-Ipark,20260916,12,83524.7,35383.72
Yongsan-Ipark,20260916,13,86988.37,37572.35
Yongsan-Ipark,20260916,14,87718.53,38696.91
Yongsan-Ipark,20260916,15,88186.02,39479.61
Yongsan-Ipark,20260916,16,87806.38,40070.55
Yongsan-Ipark,20260916,17,85871.79,39974.27
Yongsan-Ipark,20260916,18,82011.17,39594.42
Yongsan-Ipark,20260916,19,71473.73,35457.7
Yongsan-Ipark,20260916,20,61851.54,31018.39
Yongsan-Ipark,20260916,21,53039.72,26695.96
Yongsan-Ipark,20260916,22,44257.19,21727.63
Yongsan-Ipark,20260916,23,36964.31,17346.71
Yongsan-Ipark,20260917,0,30231.13,12583.98
Yongsan-Ipark,20260917,1,29155.44,11831.24
Yongsan-Ipark,20260917,2,28306.35,11264.82
Yongsan-Ipark,20260917,3,28009.14,11066.29
Yongsan-Ipark,20260917,4,27923.3,10909.1
Yongsan-Ipark,20260917,5,28434.64,10849.31
Yongsan-Ipark,20260917,6,31088.6,11509.48
Yongsan-Ipark,20260917,7,36672.94,13217.97
Yongsan-Ipark,20260917,8,49312.63,18456.03
Yongsan-Ipark,20260917,9,64914.23,26091.17
Yongsan-Ipark,20260917,10,73809.88,30536.74
Yongsan-Ipark,20260917,11,80841.26,33827.55
Yongsan-Ipark,20260917,12,85313.53,35801.86
Yongsan-Ipark,20260917,13,88172.88,37811.65
Yongsan-Ipark,20260917,14,89784.97,38987.59
Yongsan-Ipark,20260917,15,89554.58,39482.55
Yongsan-Ipark,20260917,16,88195.15,39851.03
Yongsan-Ipark,20260917,17,85336.25,39636.16
Yongsan-Ipark,20260917,18,81613.31,39516.78
Yongsan-Ipark,20260917,19,72282.9,36283.93
Yongsan-Ipark,20260917,20,63137.03,31766.59
Yongsan-Ipark,20260917,21,56113.92,28274.97
Yongsan-Ipark,20260917,22,46211.76,22748.08
Yongsan-Ipark,20260917,23,38341.59,17938.25
Yongsan-Ipark,20260918,0,30323.87,12878.97
Yongsan-Ipark,20260918,1,29246.97,12167.78
Yongsan-Ipark,20260918,2,28323.5,11502.82
Yongsan-Ipark,20260918,3,27864.47,11166.15
Yongsan-Ipark,20260918,4,27614.69,10954.34
Yongsan-Ipark,20260918,5,28148.51,10928.74
Yongsan-Ipark,20260918,6,30507.5,11519.6
Yongsan-Ipark,20260918,7,36181.82,13420.4
Yongsan-Ipark,20260918,8,47407.16,18168.0
Yongsan-Ipark,20260918,9,62564.22,25655.88
Yongsan-Ipark,20260918,10,71956.75,30010.81
Yongsan-Ipark,20260918,11,78476.91,33295.3
Yongsan-Ipark,20260918,12,84405.05,36232.74
Yongsan-Ipark,20260918,13,87527.66,38250.14
Yongsan-Ipark,20260918,14,89669.8,40096.24
Yongsan-Ipark,20260918,15,89829.74,40847.09
Yongsan-Ipark,20260918,16,89061.01,41140.64
Yongsan-Ipark,20260918,17,86698.04,41113.54
Yongsan-Ipark,20260918,18,83770.97,41974.62
Yongsan-Ipark,20260918,19,77643.04,42065.69
Yongsan-Ipark,20260918,20,72795.94,40565.34
Yongsan-Ipark,20260918,21,65603.22,36746.09
Yongsan-Ipark,20260918,22,53480.56,29686.14
Yongsan-Ipark,20260918,23,44312.04,23590.45
Yongsan-Ipark,20260919,0,33133.69,15329.12
Yongsan-Ipark,20260919,1,31319.61,14039.52
Yongsan-Ipark,20260919,2,29658.11,12621.82
Yongsan-Ipark,20260919,3,28600.21,11888.21
Yongsan-Ipark,20260919,4,28289.12,11665.85
Yongsan-Ipark,20260919,5,28693.52,11653.28
Yongsan-Ipark,20260919,6,30494.59,11988.38
Yongsan-Ipark,20260919,7,34567.73,13261.93
Yongsan-Ipark,20260919,8,39068.1,15155.5
Yongsan-Ipark,20260919,9,44439.13,17955.99
Yongsan-Ipark,20260919,10,51828.39,22012.96
Yongsan-Ipark,20260919,11,61638.94,27706.02
Yongsan-Ipark,20260919,12,70794.31,33429.13
Yongsan-Ipark,20260919,13,80979.22,40280.3
Yongsan-Ipark,20260919,14,87343.22,45016.93
Yongsan-Ipark,20260919,15,93822.33,49944.88
Yongsan-Ipark,20260919,16,96369.52,53128.23
Yongsan-Ipark,20260919,17,97575.97,55341.02
Yongsan-Ipark,20260919,18,95311.13,55639.88
Yongsan-Ipark,20260919,19,88459.49,53030.57
Yongsan-Ipark,20260919,20,81543.08,49038.85
Yongsan-Ipark,20260919,21,71661.88,43010.82
Yongsan-Ipark,20260919,22,57384.23,33416.71
Yongsan-Ipark,20260919,23,45717.47,25216.82
Yongsan-Ipark,20260920,0,32947.53,15614.84
Yongsan-Ipark,20260920,1,31524.4,14418.33
Yongsan-Ipark,20260920,2,29828.39,12969.95
Yongsan-Ipark,20260920,3,29001.21,12233.76
Yongsan-Ipark,20260920,4,28496.77,11729.85
Yongsan-Ipark,20260920,5,28099.05,11370.33
Yongsan-Ipark,20260920,6,28948.26,11608.18
Yongsan-Ipark,20260920,7,31137.68,12636.87
Yongsan-Ipark,20260920,8,34905.46,13987.87
Yongsan-Ipark,20260920,9,39424.83,15718.08
Yongsan-Ipark,20260920,10,46128.51,18894.16
Yongsan-Ipark,20260920,11,54631.69,23826.77
Yongsan-Ipark,20260920,12,63519.03,29505.59
Yongsan-Ipark,20260920,13,72201.7,35817.16
Yongsan-Ipark,20260920,14,77418.6,40498.68
Yongsan-Ipark,20260920,15,80378.71,43089.92
Yongsan-Ipark,20260920,16,80123.89,44030.01
Yongsan-Ipark,20260920,17,80484.06,44964.33
Yongsan-Ipark,20260920,18,76224.82,43779.21
Yongsan-Ipark,20260920,19,69030.56,39917.45
Yongsan-Ipark,20260920,20,62337.1,35985.73
Yongsan-Ipark,20260920,21,52978.23,29707.73
Yongsan-Ipark,20260920,22,42410.52,22292.04
Yongsan-Ipark,20260920,23,35448.4,17145.2
