feature,mae_increase_when_shuffled,std,target,target_label
hour,24702.947300017215,330.2289735392552,footfall_total,total
venue_id,19892.61793694246,230.15949570784673,footfall_total,total
weekday,3514.260272710338,41.845497011507995,footfall_total,total
hour_cos,1953.9926793397462,57.69562533601095,footfall_total,total
hour_sin,1217.6561431292228,22.95125324203682,footfall_total,total
weekday_sin,1130.328428284497,91.31445234109194,footfall_total,total
weekday_cos,250.42805482074468,27.26861225575551,footfall_total,total
forecast_wind_speed_mps,3.1242650998989725,2.238195353471702,footfall_total,total
month_sin,0.0,0.0,footfall_total,total
month,0.0,0.0,footfall_total,total
spatial_unit,0.0,0.0,footfall_total,total
month_cos,0.0,0.0,footfall_total,total
is_weekend,0.0,0.0,footfall_total,total
forecast_precipitation_mm,0.0,0.0,footfall_total,total
forecast_lead_hours,0.0,0.0,footfall_total,total
nearby_event_count,0.0,0.0,footfall_total,total
holiday,0.0,0.0,footfall_total,total
holiday_eve,0.0,0.0,footfall_total,total
temporary_holiday,0.0,0.0,footfall_total,total
commercial_area_index,0.0,0.0,footfall_total,total
nearby_university_count,0.0,0.0,footfall_total,total
transit_access_score,0.0,0.0,footfall_total,total
forecast_temperature_c,-6.690413700398342,3.988003596393497,footfall_total,total
