month,rows,mean_population,mean_population_20_39,index_vs_all_months
1,11160,66305.75353718638,28319.179037096776,0.980455643422086
2,10200,67862.78693029413,28905.91355009804,1.0034793192847389
3,11160,67582.34941586021,29157.270591308246,0.9993325216241138
4,10800,68525.99607296297,29592.645543333332,1.0132861175188335
5,11160,68020.3666674731,29146.634283512543,1.0058094329530718
6,10800,66934.5298225926,28854.588882685188,0.9897532869083449
7,11160,68550.17576944444,29311.934333333335,1.0136436599432357
8,11160,67586.4380626344,29129.967805824373,0.9993929799793826
9,10800,66339.97331444445,28318.489446759257,0.9809616473801062
10,11160,66876.72566774194,28387.608201164872,0.9888985434386882
11,10800,68074.91222814815,29316.08563574074,1.0066159919609183
12,11160,68869.63557992832,29435.40544955197,1.0183674758615602
